{
    "connection" : {
        "dbType" : "ORACLE",
        "jndiName" : "",
        "driverClass" : "oracle.jdbc.OracleDriver",
        "jdbcUrl" : "jdbc:oracle:thin:@//HOSTNAME:PORT/DEFAULTCATALOG",
        "username" : "openidm",
        "password" : "password",
        "defaultCatalog" : "openidm",
        "maxBatchSize" : 100,
        "maxTxRetry" : 5,
        "connectionTimeoutInMs" : 30000
    },
    "queries" : {
        "genericTables" : {
            "credential-query" : "SELECT fullobject FROM ${_mainTable} obj INNER JOIN ${_propTable} prop ON obj.id = prop.${_mainTable}_id INNER JOIN objecttypes objtype ON objtype.id = obj.objecttypes_id WHERE prop.propkey='/userName' AND prop.propvalue = ${username} AND objtype.objecttype = ${_resource}",
            "find-by-id" : "SELECT fullobject FROM ${_mainTable} obj INNER JOIN objecttypes objtype ON objtype.id = obj.objecttypes_id WHERE obj.objectid = ${id} AND objtype.objecttype = ${_resource}",
            "get-by-field-value" : "SELECT fullobject FROM ${_mainTable} obj INNER JOIN ${_propTable} prop ON obj.id = prop.${_mainTable}_id INNER JOIN objecttypes objtype ON objtype.id = obj.objecttypes_id WHERE prop.propkey=CONCAT('/', ${field}) AND prop.propvalue = ${value} AND objtype.objecttype = ${_resource}",
            "get-users-of-direct-role" : "select obj.fullobject from ${_dbSchema}.${_mainTable} obj INNER JOIN ${_dbSchema}.objecttypes objtype ON objtype.id = obj.objecttypes_id  INNER JOIN ${_dbSchema}.${_propTable} prop ON obj.id = prop.${_mainTable}_id where objtype.objecttype = ${_resource} AND prop.propKey LIKE '/roles/%' AND prop.propValue = ${role}",
            "query-all-ids" : "SELECT obj.objectid FROM ${_mainTable} obj INNER JOIN objecttypes objtype ON obj.objecttypes_id = objtype.id WHERE objtype.objecttype = ${_resource}",
            "query-all" : "SELECT obj.fullobject FROM ${_mainTable} obj INNER JOIN objecttypes objtype ON obj.objecttypes_id = objtype.id WHERE objtype.objecttype = ${_resource}",
            "query-all-ids-count" : "SELECT COUNT(obj.objectid) AS total FROM ${_dbSchema}.${_mainTable} obj INNER JOIN objecttypes objtype ON obj.objecttypes_id = objtype.id WHERE objtype.objecttype = ${_resource}",
            "query-all-count" : "SELECT COUNT(obj.fullobject) AS total FROM ${_dbSchema}.${_mainTable} obj INNER JOIN objecttypes objtype ON obj.objecttypes_id = objtype.id WHERE objtype.objecttype = ${_resource}",
            "for-userName" : "SELECT fullobject FROM ${_mainTable} obj INNER JOIN ${_propTable} prop ON obj.id = prop.${_mainTable}_id INNER JOIN objecttypes objtype ON objtype.id = obj.objecttypes_id WHERE prop.propkey='/userName' AND prop.propvalue = ${uid} AND objtype.objecttype = ${_resource}",
            "credential-internaluser-query" : "SELECT credprop.${_mainTable}_id, credprop.propkey, credprop.propvalue FROM ${_propTable} credprop INNER JOIN ${_mainTable} obj ON obj.id = credprop.${_mainTable}_id INNER JOIN ${_propTable} conditionprop ON obj.id = conditionprop.${_mainTable}_id INNER JOIN objecttypes objtype ON objtype.id = obj.objecttypes_id WHERE credprop.propkey='/userPassword' AND conditionprop.propkey='/_id' AND conditionprop.propvalue = ${username} AND objtype.objecttype = ${_resource}",
            "scan-tasks" : "SELECT fullobject FROM ${_mainTable} obj INNER JOIN ${_propTable} prop ON obj.id = prop.${_mainTable}_id INNER JOIN ${_propTable} complete ON obj.id = complete.${_mainTable}_id INNER JOIN objecttypes objtype ON objtype.id = obj.objecttypes_id WHERE ( prop.propkey=${property} AND prop.propvalue < ${condition.before} AND objtype.objecttype = ${_resource} ) AND ( complete.propkey=${taskState.completed} AND complete.propvalue is NULL )",
            "query-cluster-instances" : "SELECT fullobject FROM ${_mainTable} obj INNER JOIN ${_propTable} prop ON obj.id = prop.${_mainTable}_id INNER JOIN ${_propTable} state ON obj.id = state.${_mainTable}_id WHERE (prop.propkey = '/timestamp' AND prop.propvalue <= ${timestamp}) AND (state.propkey = '/state' AND (state.propvalue = '1' OR state.propvalue = '2'))",
            "get-managed-users" : "SELECT * FROM (SELECT obj.fullobject, row_number() over (ORDER BY CASE WHEN ${orderByDir} = 'asc' THEN orderby.propvalue END asc, CASE WHEN ${orderByDir} = 'desc' THEN orderby.propvalue END desc) rn FROM ${_mainTable} obj INNER JOIN objecttypes objTypes ON obj.objecttypes_id = objTypes.id and objTypes.objecttype = ${_resource} INNER JOIN ${_propTable} orderby on obj.id = orderby.managedobjects_id and orderby.propkey = CONCAT('/',${orderBy}) ORDER BY CASE WHEN ${orderByDir} = 'asc' THEN orderby.propvalue END asc, CASE WHEN ${orderByDir} = 'desc' THEN orderby.propvalue END desc) WHERE rn BETWEEN ${int:_pagedResultsOffset}+1 AND ${int:_pagedResultsOffset}+${int:_pageSize} ORDER BY rn",
            "get-managed-users-filtered" : "SELECT * FROM (SELECT obj.fullobject, row_number() over (ORDER BY CASE WHEN ${orderByDir} = 'asc' THEN orderby.propvalue END asc, CASE WHEN ${orderByDir} = 'desc' THEN orderby.propvalue END desc) rn FROM ${_mainTable} obj INNER JOIN objecttypes objTypes ON obj.objecttypes_id = objTypes.id and objTypes.objecttype = ${_resource} INNER JOIN ${_propTable} orderby on obj.id = orderby.managedobjects_id and orderby.propkey = CONCAT('/',${orderBy}) INNER JOIN ${_propTable} userName on obj.id = userName.${_mainTable}_id and userName.propkey = '/userName' INNER JOIN ${_propTable} givenName on obj.id = givenName.${_mainTable}_id and givenName.propkey = '/givenName' INNER JOIN ${_propTable} sn on obj.id = sn.${_mainTable}_id and sn.propkey = '/sn' INNER JOIN ${_propTable} mail on obj.id = mail.${_mainTable}_id and mail.propkey = '/mail' INNER JOIN ${_propTable} accountStatus on obj.id = accountStatus.${_mainTable}_id and accountStatus.propkey = '/accountStatus' WHERE userName.propvalue LIKE concat(${userName},'%') AND mail.propvalue LIKE concat(${mail},'%') AND givenName.propvalue LIKE concat(${givenName},'%') AND sn.propvalue LIKE concat(${sn},'%') AND accountStatus.propvalue LIKE concat(${accountStatus},'%') ORDER BY CASE WHEN ${orderByDir} = 'asc' THEN orderby.propvalue END asc, CASE WHEN ${orderByDir} = 'desc' THEN orderby.propvalue END desc) WHERE rn BETWEEN ${int:_pagedResultsOffset}+1 AND ${int:_pagedResultsOffset}+${int:_pageSize} ORDER BY rn",
            "get-managed-users-count" : "SELECT '{ \"total\":' || COUNT(*) || '}' as fullobject FROM ${_dbSchema}.${_mainTable} obj INNER JOIN ${_dbSchema}.objecttypes objTypes ON obj.objecttypes_id = objTypes.id and objTypes.objecttype = ${_resource}",
            "get-managed-users-filtered-count" : "SELECT '{ \"total\":' || COUNT(*) || '}' as fullobject FROM ${_dbSchema}.${_mainTable} obj INNER JOIN ${_dbSchema}.objecttypes objTypes ON obj.objecttypes_id = objTypes.id and objTypes.objecttype = ${_resource} INNER JOIN ${_dbSchema}.${_propTable} userName on obj.id = userName.${_mainTable}_id and userName.propkey = '/userName' INNER JOIN ${_dbSchema}.${_propTable} givenName on obj.id = givenName.${_mainTable}_id and givenName.propkey = '/givenName' INNER JOIN ${_dbSchema}.${_propTable} sn on obj.id = sn.${_mainTable}_id and sn.propkey = '/sn' INNER JOIN ${_dbSchema}.${_propTable} mail on obj.id = mail.${_mainTable}_id and mail.propkey = '/mail' INNER JOIN ${_dbSchema}.${_propTable} accountStatus on obj.id = accountStatus.${_mainTable}_id and accountStatus.propkey = '/accountStatus' WHERE userName.propvalue LIKE concat(${userName},'%') AND mail.propvalue LIKE concat(${mail},'%') AND givenName.propvalue LIKE concat(${givenName},'%') AND sn.propvalue LIKE concat(${sn},'%') AND accountStatus.propvalue LIKE concat(${accountStatus},'%')"
        },
        "explicitTables" : {
            "query-all-ids" : "SELECT objectid FROM ${_table}",
            "for-internalcredentials" : "SELECT * FROM internaluser WHERE objectid = ${uid}",
            "get-notifications-for-user" : "SELECT * FROM ${_table} WHERE receiverId = ${userId} order by createDate desc",
            "credential-query" : "SELECT * FROM ${_table} WHERE objectid = ${username}",
            "credential-internaluser-query" : "SELECT * FROM ${_table} WHERE objectid = ${username}",
            "links-for-firstId" : "SELECT * FROM ${_table} WHERE linkType = ${linkType} AND firstid = ${firstId}",
            "links-for-secondId" : "SELECT * FROM ${_table} WHERE linkType = ${linkType} AND secondid = ${secondId}",
            "links-for-linkType" : "SELECT * FROM ${_table} WHERE linkType = ${linkType}",
            "scan-tasks" : "SELECT * FROM ${_table} WHERE ${property} < ${condition.before} AND ${taskState.completed} is NULL",
            "audit-by-mapping" : "SELECT * FROM auditrecon WHERE mapping = ${mappingName}",
            "audit-by-recon-id" : "SELECT * FROM auditrecon WHERE reconId = ${reconId}",
            "audit-by-recon-id-type" : "SELECT * FROM auditrecon WHERE reconId = ${reconId} AND entryType = ${entryType}",
            "audit-by-recon-id-situation" : "SELECT * FROM auditrecon WHERE reconId = ${reconId} AND situation = ${situation}",
            "audit-by-activity-parent-action" : "SELECT * FROM auditactivity WHERE parentactionid = ${parentActionId}",
            "query-all" : "SELECT * FROM ${_table}"
        }
    },
    "resourceMapping" : {
        "default" : {
            "mainTable" : "genericobjects",
            "propertiesTable" : "genericobjectproperties",
            "searchableDefault" : true
        },
        "genericMapping" : {
            "managed/*" : {
                "mainTable" : "managedobjects",
                "propertiesTable" : "managedobjectproperties",
                "searchableDefault" : true
            },
            "managed/user" : {
                "mainTable" : "managedobjects",
                "propertiesTable" : "managedobjectproperties",
                "searchableDefault" : false,
                "properties" : {
                    "/userName" : {
                        "searchable" : true
                    },
                    "/givenName" : {
                        "searchable" : true
                    },
                    "/sn" : {
                        "searchable" : true
                    },
                    "/mail" : {
                        "searchable" : true
                    },
                    "/accountStatus" : {
                        "searchable" : true
                    },
                    "/roles" : {
                        "searchable" : true
                    },
                    "/sunset" : {
                        "searchable" : true
                    }
                } 
            },
            "scheduler" : {
                "mainTable" : "schedulerobjects",
                "propertiesTable" : "schedobjectproperties",
                "searchableDefault" : true
            },
            "cluster" : {
                "mainTable" : "clusterobjects",
                "propertiesTable" : "clusterobjectproperties",
                "searchableDefault" : true
            }
        },
        "explicitMapping" : {
            "link" : {
                "table" : "links",
                "objectToColumn" : {
                    "_id" : "objectid",
                    "_rev" : "rev",
                    "linkType" : "linktype",
                    "firstId" : "firstid",
                    "secondId" : "secondid"
                }
            },
            "ui/notification" : {
                "table" : "uinotification",
                "objectToColumn" : {
                    "_id" : "objectid",
                    "_rev" : "rev",
                    "requester" : "requester",
                    "requesterId" : "requesterId",
                    "receiverId" : "receiverId",
                    "createDate" : "createDate",
                    "notificationType" : "notificationType",
                    "notificationSubtype" : "notificationSubtype",
                    "message" : "message"
                }
            },
            "internal/user" : {
                "table" : "internaluser",
                "objectToColumn" : {
                    "_id" : "objectid",
                    "_rev" : "rev",
                    "password" : "pwd",
                    "roles" : "roles"
                }
            },
            "audit/activity" : {
                "table" : "auditactivity",
                "objectToColumn" : {
                    "_id" : "objectid",
                    "activityId" : "activityid",
                    "timestamp" : "activitydate",
                    "action" : "activity",
                    "message" : "message",
                    "objectId" : "subjectid",
                    "rev" : "subjectrev",
                    "rootActionId" : "rootactionid",
                    "parentActionId" : "parentactionid",
                    "requester" : "requester",
                    "approver" : "approver",
                    "before" : "subjectbefore",
                    "after" : "subjectafter",
                    "status" : "status",
                    "changedFields" : "changedfields",
                    "passwordChanged" : "passwordchanged"
                }
            },
            "audit/recon" : {
                "table" : "auditrecon",
                "objectToColumn" : {
                    "_id" : "objectid",
                    "_rev" : "rev",
                    "entryType" : "entrytype",
                    "rootActionId" : "rootactionid",
                    "action" : "activity",
                    "message" : "message",
                    "reconciling" : "reconciling",
                    "reconId" : "reconid",
                    "situation" : "situation",
                    "sourceObjectId" : "sourceobjectid",
                    "status" : "status",
                    "targetObjectId" : "targetobjectid",
                    "ambiguousTargetObjectIds" : "ambiguoustargetobjectids",
                    "timestamp" : "activitydate",
                    "actionId" : "actionid",
                    "exception" : "exceptiondetail",
                    "mapping" : "mapping",
                    "messageDetail" : { "column" : "messagedetail", "type" : "JSON_MAP" }
                }
            },
            "audit/access" : {
                "table" : "auditaccess",
                "objectToColumn" : {
                    "_id" : "objectid",
                    "action" : "activity",
                    "ip" : "ip",
                    "principal" : "principal",
                    "roles" : "roles",
                    "status" : "status",
                    "timestamp" : "activitydate"
                }
            },
            "security" : {
                "table" : "security",
                "objectToColumn" : {
                    "_id" : "objectid",
                    "_rev" : "rev",
                    "storeString" : "storestring"
                }
            },
            "security/keys" : {
                "table" : "securitykeys",
                "objectToColumn" : {
                    "_id" : "objectid",
                    "_rev" : "rev",
                    "keyPair" : "keypair"
                }
            }
        }
    }
}
